Experiment,RMSE
001,0.0016462379441120952
002,0.006257280859304196
003,0.001415570540277342
